key,timestamp
9,1730345712240
3,1730345713024
8,1730345713352
7,1730345713632
6,1730345713896
7,1730345715112
2,1730345715464
9,1730345716368
4,1730345717184
9,1730345717408
0,1730345718504
2,1730345718848
6,1730345719984
0,1730345720536
6,1730345720784
7,1730345721920
6,1730345722392
3,1730345723032
6,1730345723808
1,1730345724056
0,1730345725096
6,1730345725344
7,1730345725640
5,1730345726408
3,1730345726664
7,1730345727760
3,1730345728152
4,1730345728568
3,1730345729384
9,1730345729664
3,1730345730760
5,1730345731128
3,1730345731392
1,1730345731960
5,1730345732192
0,1730345733184
7,1730345733568
2,1730345733952
4,1730345734392
1,1730345734616
4,1730345735904
0,1730345736264
8,1730345736640
0,1730345737424
1,1730345737696
3,1730345738976
4,1730345739304
8,1730345739544
5,1730345740448
7,1730345740688
4,1730345741800
1,1730345742112
6,1730345742744
5,1730345743344
2,1730345743552
4,1730345744760
5,1730345744976
0,1730345745320
2,1730345745784
5,1730345746088
8,1730345747256
2,1730345747584
8,1730345747936
1,1730345748544
9,1730345748832
0,1730345749832
7,1730345750280
9,1730345750552
6,1730345751640
9,1730345751872
8,1730345753432
6,1730345754808
8,1730345755144
3,1730345755936
7,1730345756320
5,1730345757624
7,1730345757952
0,1730345758424
8,1730345759408
4,1730345759640
9,1730345761040
1,1730345761488
4,1730345761728
2,1730345762368
5,1730345762600
2,1730345763544
1,1730345763872
2,1730345764192
4,1730345764567
3,1730345764871
2,1730345765968
9,1730345766256
8,1730345766495
1,1730345767248
0,1730345767471
5,1730345768728
9,1730345768967
8,1730345769192
1,1730345769904
6,1730345770488
2,1730345771504
3,1730345771799
2,1730345772087
0,1730345772416
3,1730345772839
6,1730345774184
4,1730345774447
2,1730345774735
6,1730345775559
5,1730345775799
9,1730345777095
4,1730345777383
1,1730345777671
8,1730345778679
6,1730345779215
5,1730345780631
2,1730345780887
4,1730345781223
2,1730345781815
9,1730345782103
6,1730345783383
9,1730345783647
7,1730345783903
0,1730345784647
3,1730345784895
5,1730345786535
8,1730345786807
3,1730345787271
0,1730345788063
2,1730345788335
7,1730345789999
9,1730345790271
3,1730345790679
9,1730345791543
5,1730345791815
7,1730345793111
6,1730345793904
8,1730345794199
2,1730345794799
7,1730345795255
0,1730345796479
8,1730345796879
3,1730345797271
9,1730345798135
6,1730345798383
0,1730345799543
1,1730345799887
3,1730345800383
1,1730345800831
9,1730345801143
0,1730345802279
6,1730345802543
8,1730345802815
3,1730345803583
9,1730345804639
7,1730345805863
5,1730345806103
7,1730345806383
5,1730345806943
6,1730345807175
5,1730345808479
9,1730345808727
8,1730345808935
3,1730345809599
8,1730345810039
1,1730345811231
4,1730345811463
0,1730345811847
1,1730345812215
5,1730345812455
1,1730345813519
9,1730345813871
1,1730345814175
2,1730345815087
1,1730345815311
6,1730345816887
4,1730345817183
1,1730345817439
7,1730345817759
0,1730345818135
5,1730345819295
2,1730345819567
6,1730345819839
0,1730345820183
4,1730345820543
5,1730345821639
1,1730345821943
8,1730345822327
4,1730345823095
8,1730345823335
7,1730345824463
8,1730345825239
2,1730345825583
7,1730345826167
0,1730345826559
4,1730345827999
3,1730345828383
4,1730345828679
7,1730345829455
4,1730345829703
6,1730345831063
3,1730345831375
6,1730345831631
8,1730345832487
2,1730345832775
9,1730345833983
5,1730345834231
1,1730345834567
5,1730345835319
6,1730345835559
8,1730345836847
3,1730345837247
8,1730345837583
4,1730345838519
3,1730345838799
5,1730345839951
0,1730345840247
3,1730345840551
4,1730345841263
9,1730345841503
1,1730345842679
5,1730345842903
1,1730345843215
2,1730345843495
1,1730345843743
3,1730345844743
1,1730345845015
4,1730345845311
6,1730345846303
9,1730345846527
4,1730345847735
5,1730345848023
8,1730345848335
9,1730345849279
7,1730345849551
5,1730345850775
2,1730345851039
8,1730345851447
6,1730345852455
5,1730345852711
4,1730345854047
0,1730345854423
9,1730345854807
0,1730345855367
9,1730345855663
0,1730345857134
5,1730345857430
2,1730345857766
5,1730345858318
7,1730345858631
3,1730345859775
7,1730345860303
6,1730345860711
3,1730345861903
4,1730345862454
3,1730345863438
1,1730345863718
3,1730345864022
8,1730345864526
4,1730345864806
7,1730345866174
1,1730345866558
2,1730345866806
4,1730345867550
9,1730345867774
4,1730345868918
1,1730345869182
5,1730345869430
2,1730345869982
7,1730345870414
2,1730345871703
7,1730345872054
8,1730345872254
4,1730345872942
9,1730345873222
7,1730345874382
0,1730345874782
8,1730345875174
0,1730345876158
3,1730345876382
0,1730345877446
2,1730345877726
0,1730345878030
6,1730345878550
0,1730345878854
1,1730345880062
6,1730345880382
1,1730345880694
6,1730345881366
8,1730345881598
0,1730345882750
8,1730345883190
6,1730345883454
2,1730345884230
9,1730345884486
2,1730345885846
9,1730345886182
7,1730345886470
7,1730345887142
7,1730345887494
2,1730345889582
6,1730345889886
5,1730345890214
8,1730345891710
7,1730345891926
5,1730345893118
2,1730345893374
6,1730345893694
3,1730345894414
4,1730345894694
8,1730345896102
4,1730345896374
3,1730345896718
4,1730345897558
1,1730345897790
8,1730345899038
7,1730345899286
8,1730345899558
1,1730345900046
7,1730345900350
3,1730345901414
5,1730345901670
4,1730345901974
0,1730345902414
6,1730345902726
0,1730345903910
9,1730345904246
8,1730345904470
9,1730345904990
8,1730345905230
1,1730345906422
9,1730345906718
3,1730345907030
7,1730345907694
2,1730345908094
3,1730345909142
6,1730345909382
1,1730345909766
4,1730345910326
5,1730345910534
7,1730345911758
3,1730345912390
6,1730345912646
8,1730345913366
5,1730345913614
0,1730345914766
9,1730345915078
1,1730345915398
7,1730345916078
9,1730345916286
7,1730345917478
9,1730345917718
2,1730345918054
1,1730345918790
4,1730345919070
0,1730345920110
8,1730345920486
0,1730345920902
9,1730345921374
0,1730345921726
2,1730345922862
5,1730345923182
3,1730345923534
9,1730345924222
3,1730345924526
8,1730345925766
5,1730345926278
1,1730345926550
7,1730345927470
3,1730345928150
6,1730345929846
1,1730345930094
8,1730345930334
9,1730345931078
6,1730345931390
2,1730345932542
6,1730345932750
0,1730345933126
1,1730345933486
4,1730345933750
1,1730345935046
5,1730345935286
6,1730345935574
4,1730345936942
7,1730345937190
0,1730345938222
2,1730345938510
0,1730345938974
2,1730345939278
0,1730345939574
5,1730345940950
7,1730345941294
9,1730345941574
2,1730345942278
4,1730345942566
3,1730345943662
6,1730345943910
2,1730345944246
5,1730345944846
4,1730345945086
9,1730345946246
1,1730345946558
7,1730345946894
8,1730345947758
9,1730345947950
2,1730345949046
0,1730345949382
4,1730345949742
7,1730345950614
4,1730345950870
8,1730345952414
3,1730345952750
2,1730345952990
0,1730345953566
7,1730345954078
8,1730345955782
3,1730345956094
2,1730345956382
3,1730345956830
1,1730345957062
9,1730345958326
1,1730345958662
3,1730345958910
5,1730345959502
0,1730345959782
5,1730345960934
4,1730345961206
6,1730345961622
4,1730345962758
7,1730345962974
0,1730345964126
3,1730345964454
5,1730345964693
2,1730345965430
0,1730345965678
4,1730345966982
3,1730345967294
6,1730345967566
7,1730345968590
5,1730345968837
2,1730345969886
1,1730345970150
9,1730345970558
7,1730345971478
9,1730345971685
7,1730345972942
3,1730345973238
1,1730345973501
5,1730345974182
2,1730345974413
8,1730345976565
9,1730345976829
6,1730345977109
3,1730345977821
5,1730345978085
7,1730345979293
0,1730345979669
4,1730345979965
5,1730345980533
1,1730345980773
2,1730345981877
4,1730345982181
9,1730345982501
5,1730345983405
3,1730345983661
9,1730345984829
2,1730345985133
0,1730345985701
6,1730345986773
8,1730345987013
7,1730345988173
1,1730345988461
8,1730345988740
9,1730345989701
4,1730345989981
8,1730345991389
6,1730345991733
8,1730345992037
6,1730345992733
8,1730345992980
5,1730345994261
6,1730345994973
7,1730345995253
6,1730345996372
1,1730345996588
6,1730345997997
1,1730345998252
9,1730345998532
0,1730345999460
2,1730345999685
4,1730346000957
3,1730346001245
4,1730346001532
0,1730346002421
2,1730346002644
0,1730346003900
5,1730346004252
6,1730346004508
8,1730346005084
1,1730346005388
0,1730346006541
6,1730346006908
2,1730346007212
9,1730346008037
2,1730346008421
8,1730346009581
2,1730346009884
1,1730346010164
6,1730346010932
4,1730346011564
6,1730346012940
0,1730346013285
7,1730346013652
0,1730346014420
7,1730346014764
9,1730346016100
6,1730346016620
8,1730346016916
2,1730346017564
3,1730346017788
2,1730346018900
7,1730346019236
1,1730346019556
8,1730346020196
0,1730346020524
7,1730346021980
4,1730346022220
1,1730346022492
7,1730346023618
3,1730346024052
4,1730346025420
8,1730346025644
7,1730346025820
2,1730346026684
6,1730346026980
5,1730346028196
9,1730346028948
5,1730346029228
6,1730346030036
2,1730346030260
6,1730346031684
9,1730346031940
7,1730346032172
9,1730346033148
3,1730346033452
9,1730346034548
0,1730346034876
9,1730346035820
3,1730346036500
9,1730346036925
1,1730346038061
7,1730346038373
4,1730346038613
5,1730346039277
1,1730346039517
8,1730346040797
2,1730346041165
7,1730346041621
3,1730346042357
4,1730346042637
1,1730346043797
6,1730346044037
8,1730346044285
2,1730346045069
9,1730346045365
4,1730346046445
0,1730346046781
5,1730346047117
6,1730346047725
5,1730346047949
3,1730346049109
5,1730346049445
9,1730346049701
8,1730346050589
3,1730346050901
8,1730346052437
3,1730346052789
4,1730346053077
5,1730346053941
4,1730346054181
0,1730346055317
4,1730346055621
1,1730346055845
0,1730346056789
7,1730346057725
1,1730346058901
0,1730346059253
6,1730346059733
3,1730346060653
8,1730346061013
3,1730346062117
8,1730346062412
5,1730346062685
0,1730346063140
5,1730346063436
1,1730346064517
5,1730346064724
1,1730346065004
2,1730346065388
4,1730346065685
9,1730346067293
3,1730346067637
9,1730346067932
8,1730346068965
3,1730346069364
2,1730346070437
5,1730346070708
7,1730346070972
3,1730346071621
6,1730346071876
5,1730346073533
4,1730346073772
5,1730346074012
1,1730346074460
2,1730346074684
7,1730346076197
9,1730346076436
3,1730346076772
9,1730346077612
8,1730346077804
0,1730346078924
1,1730346079164
9,1730346079468
7,1730346080164
8,1730346080356
2,1730346081412
0,1730346081668
6,1730346081988
8,1730346082700
6,1730346083004
3,1730346084028
2,1730346084276
3,1730346084556
8,1730346085124
1,1730346085388
4,1730346086484
1,1730346086748
0,1730346087060
6,1730346087732
4,1730346088388
6,1730346089596
4,1730346089844
5,1730346090108
2,1730346090748
9,1730346091172
2,1730346092284
1,1730346092540
9,1730346092876
1,1730346093532
9,1730346093788
7,1730346095204
9,1730346095452
7,1730346095716
6,1730346096324
3,1730346096548
7,1730346097796
1,1730346098116
2,1730346098348
0,1730346098860
7,1730346099244
6,1730346101108
4,1730346101956
7,1730346102220
8,1730346103092
7,1730346103316
8,1730346105228
6,1730346105556
1,1730346105876
4,1730346106836
6,1730346107348
8,1730346108724
5,1730346109028
9,1730346109316
5,1730346109972
4,1730346110324
3,1730346111396
0,1730346111644
8,1730346112084
4,1730346112924
5,1730346113124
0,1730346114212
5,1730346114508
0,1730346114836
4,1730346115340
0,1730346115644
3,1730346116700
0,1730346116964
3,1730346117300
5,1730346117716
4,1730346117948
1,1730346118940
2,1730346119172
6,1730346119596
7,1730346120564
0,1730346120980
8,1730346122540
5,1730346122868
2,1730346124004
1,1730346124300
2,1730346124532
9,1730346125700
4,1730346125988
1,1730346126260
4,1730346126996
5,1730346127252
4,1730346128460
6,1730346128716
1,1730346128964
4,1730346129716
5,1730346129932
3,1730346130948
2,1730346131212
3,1730346131483
6,1730346131988
3,1730346132268
8,1730346133588
2,1730346133948
9,1730346134324
6,1730346135060
5,1730346135260
6,1730346136524
9,1730346136772
8,1730346137092
5,1730346137852
4,1730346138204
5,1730346139420
9,1730346139675
1,1730346140052
9,1730346140652
8,1730346140884
7,1730346142180
4,1730346142443
0,1730346142803
3,1730346143156
7,1730346143491
6,1730346144620
0,1730346144956
6,1730346145251
0,1730346145803
8,1730346146139
0,1730346147180
8,1730346147531
0,1730346147932
8,1730346148451
4,1730346148667
1,1730346149796
7,1730346150203
8,1730346150411
1,1730346150931
7,1730346151387
2,1730346152556
3,1730346152795
6,1730346153059
5,1730346153723
0,1730346153988
1,1730346155060
2,1730346155283
0,1730346155611
7,1730346156115
1,1730346156419
3,1730346157531
7,1730346157971
3,1730346158267
9,1730346158811
3,1730346159347
0,1730346160411
9,1730346160763
7,1730346160963
0,1730346161651
4,1730346162003
9,1730346163627
7,1730346163899
8,1730346164147
4,1730346164851
7,1730346165083
2,1730346166187
3,1730346166419
2,1730346166627
0,1730346167075
2,1730346167355
6,1730346168643
1,1730346168931
2,1730346169195
5,1730346169939
9,1730346170163
2,1730346171411
5,1730346171691
6,1730346171939
8,1730346172667
5,1730346172955
7,1730346174283
1,1730346174627
3,1730346174875
5,1730346175515
1,1730346175771
8,1730346177139
9,1730346177323
2,1730346177643
4,1730346178531
6,1730346178819
9,1730346180131
5,1730346180571
8,1730346180851
2,1730346181331
1,1730346181579
9,1730346182923
4,1730346183219
0,1730346183611
7,1730346184243
1,1730346184787
3,1730346186107
0,1730346186371
6,1730346186747
4,1730346187395
9,1730346187899
6,1730346189267
7,1730346190363
2,1730346190851
3,1730346191499
2,1730346191715
5,1730346192891
2,1730346193139
0,1730346193498
2,1730346194347
8,1730346194626
5,1730346195995
7,1730346196395
6,1730346196858
2,1730346198203
6,1730346198442
0,1730346199571
6,1730346200203
1,1730346200474
0,1730346201075
3,1730346201338
9,1730346202427
0,1730346202858
3,1730346203146
0,1730346203618
7,1730346204042
8,1730346205482
7,1730346205810
6,1730346207026
7,1730346207354
0,1730346207794
2,1730346208922
7,1730346209282
4,1730346209602
6,1730346210178
9,1730346210402
4,1730346211714
9,1730346212010
8,1730346212258
9,1730346213058
5,1730346213330
3,1730346214362
1,1730346214666
0,1730346214978
1,1730346215370
5,1730346215634
4,1730346216754
5,1730346217034
2,1730346217658
5,1730346217946
2,1730346218186
8,1730346219722
3,1730346220042
2,1730346220306
8,1730346220994
7,1730346221258
4,1730346222674
8,1730346222874
3,1730346223258
8,1730346224026
3,1730346224338
4,1730346225514
1,1730346225802
8,1730346226154
5,1730346226882
6,1730346227098
9,1730346228266
4,1730346228562
1,1730346228802
9,1730346229570
5,1730346229834
9,1730346230962
7,1730346231226
8,1730346231466
7,1730346232226
6,1730346232498
1,1730346233562
3,1730346233818
5,1730346234034
3,1730346234722
4,1730346235074
6,1730346236562
4,1730346236858
0,1730346237178
1,1730346237818
1,1730346238026
8,1730346239314
4,1730346239586
8,1730346239826
1,1730346240426
9,1730346240674
2,1730346241850
9,1730346242202
2,1730346242602
9,1730346243106
8,1730346243306
6,1730346244722
4,1730346245058
0,1730346245410
5,1730346246202
0,1730346246450
6,1730346248938
7,1730346249498
6,1730346249810
7,1730346250706
5,1730346250937
2,1730346252130
0,1730346252386
7,1730346252754
5,1730346253354
0,1730346253617
7,1730346254794
1,1730346255105
3,1730346255353
1,1730346256170
2,1730346256361
4,1730346257705
6,1730346257953
3,1730346258201
7,1730346258922
2,1730346259377
6,1730346261202
1,1730346261441
5,1730346261697
8,1730346262530
1,1730346262849
4,1730346263993
3,1730346264265
4,1730346264569
1,1730346264921
5,1730346265185
3,1730346266217
2,1730346266441
9,1730346266793
0,1730346267321
6,1730346267674
4,1730346268713
2,1730346269009
5,1730346269281
3,1730346269665
5,1730346269921
9,1730346271017
8,1730346271233
2,1730346271625
8,1730346272521
6,1730346272785
4,1730346273873
1,1730346274129
7,1730346274497
8,1730346275297
7,1730346275481
9,1730346276609
7,1730346277130
6,1730346277450
0,1730346278362
3,1730346278578
9,1730346279682
5,1730346279922
1,1730346280146
5,1730346280898
8,1730346281514
2,1730346283002
0,1730346283282
3,1730346283522
0,1730346283778
1,1730346284018
7,1730346285226
1,1730346285586
5,1730346285817
6,1730346287170
9,1730346287450
4,1730346288746
3,1730346289034
4,1730346289321
7,1730346289914
0,1730346290298
4,1730346291866
9,1730346293026
6,1730346293297
2,1730346293674
8,1730346293994
0,1730346295194
3,1730346295441
8,1730346295802
9,1730346296586
3,1730346296897
