sequenceIndex,key,timestamp
0,0,1731769643581
0,5,1731769644005
0,6,1731769644365
0,2,1731769644852
0,1,1731769645077
0,Enter,1731769645317
1,5,1731769646436
1,3,1731769646668
1,0,1731769646956
1,1,1731769647316
1,8,1731769647556
1,Enter,1731769647836
2,1,1731769648765
2,8,1731769649092
2,4,1731769649324
2,8,1731769649980
2,2,1731769650252
2,Enter,1731769650420
3,8,1731769651812
3,5,1731769652028
3,4,1731769652356
3,3,1731769652860
3,1,1731769653124
3,Enter,1731769653365
4,5,1731769654612
4,7,1731769654964
4,3,1731769655261
4,4,1731769655836
4,0,1731769656124
4,Enter,1731769656324
5,9,1731769657404
5,8,1731769657588
5,4,1731769658012
5,6,1731769658940
5,5,1731769659116
5,Enter,1731769659372
6,0,1731769660436
6,7,1731769660812
6,3,1731769661396
6,1,1731769661996
6,3,1731769662220
6,Enter,1731769662444
7,9,1731769663580
7,6,1731769663868
7,7,1731769664180
7,4,1731769664940
7,5,1731769665972
7,Enter,1731769666204
8,5,1731769667388
8,4,1731769667628
8,7,1731769667876
8,5,1731769668340
8,0,1731769668612
8,Enter,1731769668748
9,4,1731769670108
9,6,1731769670348
9,2,1731769670620
9,6,1731769671316
9,7,1731769671636
9,Enter,1731769671852
10,3,1731769672828
10,2,1731769673036
10,0,1731769673348
10,3,1731769673604
10,1,1731769673836
10,Enter,1731769674156
11,7,1731769675260
11,8,1731769675468
11,9,1731769675780
11,2,1731769676244
11,6,1731769676508
11,Enter,1731769676764
12,7,1731769677852
12,1,1731769678140
12,0,1731769678451
12,9,1731769678915
12,2,1731769679195
12,Enter,1731769679403
13,1,1731769680372
13,0,1731769680635
13,5,1731769680964
13,3,1731769681364
13,7,1731769681707
13,Enter,1731769681995
14,6,1731769683603
14,0,1731769683907
14,2,1731769684235
14,6,1731769684691
14,2,1731769684972
14,Enter,1731769685211
15,9,1731769686339
15,4,1731769686595
15,9,1731769687043
15,2,1731769687739
15,6,1731769687971
15,Enter,1731769688235
16,7,1731769689387
16,6,1731769689683
16,4,1731769689964
16,0,1731769690572
16,9,1731769690875
16,Enter,1731769691155
17,8,1731769692427
17,9,1731769692635
17,7,1731769692875
17,2,1731769693475
17,8,1731769693771
17,Enter,1731769694020
18,4,1731769695131
18,5,1731769695355
18,8,1731769695611
18,1,1731769696147
18,3,1731769696379
18,Enter,1731769696587
19,8,1731769697891
19,9,1731769698195
19,1,1731769698539
19,3,1731769699379
19,9,1731769699651
19,Enter,1731769699939
20,4,1731769701067
20,5,1731769701283
20,1,1731769701571
20,5,1731769702163
20,3,1731769702427
20,Enter,1731769702723
21,7,1731769704138
21,9,1731769704355
21,3,1731769704747
21,8,1731769705667
21,9,1731769705859
21,Enter,1731769706194
22,1,1731769707242
22,5,1731769707546
22,9,1731769707834
22,5,1731769708482
22,0,1731769708802
22,Enter,1731769708978
23,4,1731769710107
23,9,1731769710315
23,1,1731769710642
23,6,1731769711282
23,1,1731769711498
23,Enter,1731769711666
24,6,1731769712794
24,0,1731769713090
24,5,1731769713386
24,0,1731769714010
24,9,1731769714330
24,Enter,1731769714594
25,0,1731769715594
25,6,1731769715842
25,2,1731769716082
25,6,1731769716778
25,2,1731769717066
25,Enter,1731769717306
26,9,1731769718434
26,8,1731769718715
26,6,1731769719026
26,7,1731769719706
26,6,1731769720226
26,Enter,1731769720466
27,3,1731769721402
27,4,1731769721746
27,7,1731769722066
27,2,1731769722722
27,4,1731769722962
27,Enter,1731769723170
28,5,1731769724186
28,0,1731769724458
28,5,1731769724698
28,0,1731769725146
28,2,1731769725362
28,Enter,1731769725634
29,6,1731769726986
29,7,1731769727330
29,8,1731769727570
29,4,1731769728194
29,7,1731769728411
29,Enter,1731769728754
30,4,1731769729802
30,3,1731769730050
30,7,1731769730402
30,9,1731769731138
30,3,1731769731426
30,Enter,1731769731674
31,4,1731769732770
31,8,1731769733002
31,0,1731769733610
31,1,1731769733890
31,3,1731769734298
31,Enter,1731769734546
32,2,1731769735466
32,1,1731769735682
32,3,1731769735938
32,1,1731769736354
32,3,1731769736610
32,Enter,1731769736898
33,2,1731769737954
33,8,1731769738282
33,1,1731769738618
33,0,1731769738970
33,1,1731769739218
33,Enter,1731769739474
34,8,1731769740730
34,2,1731769741009
34,8,1731769741281
34,5,1731769742137
34,7,1731769742361
34,Enter,1731769742609
35,6,1731769743777
35,7,1731769744089
35,2,1731769744378
35,4,1731769745025
35,2,1731769745305
35,Enter,1731769745522
36,0,1731769746450
36,1,1731769746721
36,2,1731769746985
36,6,1731769747561
36,5,1731769747777
36,Enter,1731769748033
37,4,1731769749001
37,0,1731769749249
37,4,1731769749553
37,9,1731769750057
37,3,1731769750306
37,Enter,1731769750529
38,9,1731769751721
38,3,1731769752049
38,6,1731769752330
38,5,1731769753017
38,8,1731769753305
38,Enter,1731769753601
39,9,1731769754737
39,8,1731769754977
39,7,1731769755257
39,8,1731769755769
39,7,1731769756001
39,Enter,1731769756297
40,8,1731769757561
40,0,1731769757897
40,3,1731769758161
40,2,1731769758601
40,0,1731769758849
40,Enter,1731769759065
41,3,1731769760153
41,5,1731769760457
41,9,1731769760673
41,1,1731769761209
41,5,1731769761409
41,Enter,1731769761657
42,6,1731769762849
42,7,1731769763137
42,2,1731769763521
42,4,1731769764169
42,3,1731769764441
42,Enter,1731769764641
43,1,1731769765689
43,9,1731769765889
43,1,1731769766129
43,5,1731769767033
43,8,1731769767401
43,Enter,1731769767657
44,3,1731769768585
44,2,1731769768808
44,8,1731769769081
44,2,1731769769625
44,4,1731769769905
44,Enter,1731769770120
45,1,1731769771041
45,2,1731769771264
45,9,1731769771553
45,7,1731769772224
45,4,1731769772464
45,Enter,1731769772721
46,3,1731769773712
46,4,1731769773976
46,1,1731769774265
46,4,1731769774848
46,7,1731769775064
46,Enter,1731769775344
47,4,1731769776560
47,6,1731769776776
47,3,1731769777032
47,7,1731769777776
47,3,1731769778208
47,Enter,1731769778432
48,5,1731769779624
48,1,1731769779864
48,4,1731769780136
48,6,1731769780728
48,0,1731769781016
48,Enter,1731769781232
49,1,1731769782168
49,5,1731769782416
49,9,1731769782688
49,7,1731769783272
49,8,1731769783568
49,Enter,1731769783888
50,5,1731769785048
50,2,1731769785320
50,9,1731769785672
50,3,1731769786320
50,9,1731769786696
50,Enter,1731769787017
51,5,1731769788096
51,6,1731769788584
51,7,1731769788904
51,4,1731769789456
51,8,1731769789664
51,Enter,1731769789984
52,3,1731769790928
52,6,1731769791264
52,9,1731769791560
52,8,1731769792216
52,7,1731769792432
52,Enter,1731769792712
53,1,1731769793648
53,9,1731769793968
53,6,1731769794296
53,7,1731769794920
53,5,1731769795152
53,Enter,1731769795456
54,0,1731769796384
54,2,1731769796704
54,6,1731769797000
54,0,1731769797576
54,8,1731769798160
54,Enter,1731769798456
55,7,1731769799544
55,3,1731769799960
55,6,1731769800216
55,5,1731769801136
55,4,1731769801376
55,Enter,1731769801600
56,8,1731769802824
56,2,1731769803136
56,8,1731769803456
56,1,1731769803784
56,0,1731769804056
56,Enter,1731769804328
57,6,1731769805384
57,0,1731769805672
57,2,1731769805967
57,0,1731769806743
57,1,1731769807039
57,Enter,1731769807272
58,0,1731769808319
58,8,1731769808639
58,0,1731769808975
58,9,1731769809480
58,7,1731769809703
58,Enter,1731769810007
59,9,1731769811063
59,2,1731769811311
59,5,1731769811599
59,6,1731769812255
59,4,1731769812487
59,Enter,1731769812759
60,8,1731769813903
60,2,1731769814223
60,4,1731769814503
60,6,1731769815127
60,1,1731769815319
60,Enter,1731769815503
61,0,1731769816511
61,9,1731769816791
61,1,1731769817055
61,0,1731769817519
61,4,1731769817903
61,Enter,1731769818159
62,6,1731769819399
62,7,1731769819687
62,1,1731769819943
62,4,1731769820663
62,6,1731769820927
62,Enter,1731769821399
63,0,1731769822343
63,6,1731769822687
63,1,1731769822935
63,2,1731769823487
63,4,1731769823895
63,Enter,1731769824128
64,3,1731769825087
64,8,1731769825367
64,2,1731769825673
64,7,1731769826943
64,8,1731769827103
64,Enter,1731769827423
65,2,1731769828327
65,3,1731769828607
65,8,1731769828927
65,3,1731769829479
65,7,1731769829783
65,Enter,1731769830039
66,5,1731769831095
66,8,1731769831311
66,0,1731769831655
66,7,1731769832151
66,0,1731769832463
66,Enter,1731769832639
67,5,1731769833839
67,2,1731769834079
67,5,1731769834383
67,3,1731769835039
67,5,1731769835295
67,Enter,1731769835519
68,7,1731769836687
68,8,1731769836903
68,6,1731769837327
68,5,1731769838263
68,9,1731769838423
68,Enter,1731769838719
69,1,1731769839679
69,9,1731769840119
69,5,1731769840415
69,9,1731769841135
69,8,1731769841383
69,Enter,1731769841687
70,2,1731769842759
70,5,1731769843063
70,6,1731769843351
70,8,1731769843855
70,7,1731769844079
70,Enter,1731769844351
71,6,1731769845391
71,0,1731769845663
71,1,1731769845951
71,9,1731769846583
71,3,1731769846839
71,Enter,1731769847127
72,9,1731769848175
72,4,1731769848463
72,9,1731769848726
72,7,1731769849279
72,4,1731769849526
72,Enter,1731769849774
73,7,1731769851014
73,4,1731769851326
73,3,1731769851670
73,6,1731769852502
73,5,1731769852702
73,Enter,1731769852950
74,3,1731769853974
74,6,1731769854238
74,9,1731769854470
74,6,1731769855078
74,3,1731769855502
74,Enter,1731769855734
75,7,1731769856862
75,5,1731769857150
75,8,1731769857382
75,1,1731769857991
75,3,1731769858207
75,Enter,1731769858454
76,5,1731769859974
76,3,1731769860270
76,4,1731769860558
76,2,1731769861070
76,0,1731769861294
76,Enter,1731769861494
77,4,1731769862782
77,7,1731769862990
77,2,1731769863326
77,0,1731769863766
77,1,1731769864006
77,Enter,1731769864238
78,0,1731769865126
78,8,1731769865470
78,4,1731769865718
78,1,1731769866294
78,2,1731769866502
78,Enter,1731769866742
79,9,1731769867774
79,2,1731769868038
79,9,1731769868294
79,0,1731769868646
79,1,1731769868862
79,Enter,1731769869094
80,9,1731769870102
80,2,1731769870382
80,5,1731769870670
80,3,1731769871158
80,7,1731769871502
80,Enter,1731769871822
81,4,1731769873174
81,3,1731769873494
81,1,1731769873694
81,3,1731769874862
81,1,1731769875094
81,Enter,1731769875358
82,3,1731769876438
82,0,1731769876654
82,3,1731769876942
82,0,1731769878350
82,7,1731769878646
82,Enter,1731769878926
83,4,1731769879998
83,2,1731769880254
83,0,1731769880582
83,2,1731769880886
83,6,1731769881270
83,Enter,1731769881686
84,1,1731769882630
84,6,1731769882926
84,2,1731769883246
84,6,1731769884006
84,9,1731769884262
84,Enter,1731769884566
85,4,1731769885737
85,9,1731769886150
85,5,1731769886454
85,2,1731769886878
85,3,1731769887062
85,Enter,1731769887318
86,6,1731769888534
86,7,1731769888854
86,2,1731769889187
86,4,1731769889787
86,1,1731769890012
86,Enter,1731769890219
87,4,1731769891267
87,2,1731769891523
87,9,1731769891811
87,4,1731769892444
87,7,1731769892699
87,Enter,1731769892996
88,0,1731769894083
88,4,1731769894355
88,9,1731769894643
88,7,1731769895251
88,5,1731769895523
88,Enter,1731769895780
89,8,1731769896820
89,0,1731769897139
89,6,1731769897395
89,0,1731769897979
89,7,1731769898427
89,Enter,1731769898715
90,1,1731769900099
90,4,1731769900331
90,3,1731769900595
90,2,1731769901131
90,1,1731769901339
90,Enter,1731769901587
91,3,1731769902699
91,8,1731769902979
91,2,1731769903283
91,6,1731769904107
91,8,1731769904371
91,Enter,1731769904683
92,6,1731769906019
92,8,1731769906347
92,3,1731769906683
92,8,1731769907811
92,5,1731769908035
92,Enter,1731769908259
93,1,1731769909347
93,8,1731769909611
93,5,1731769909923
93,4,1731769910227
93,1,1731769910523
93,Enter,1731769910803
94,9,1731769911771
94,1,1731769912099
94,7,1731769912395
94,3,1731769913035
94,5,1731769913275
94,Enter,1731769913483
95,7,1731769914659
95,5,1731769915099
95,9,1731769915347
95,5,1731769916067
95,8,1731769916347
95,Enter,1731769916587
96,9,1731769917579
96,0,1731769917851
96,9,1731769918131
96,7,1731769918611
96,6,1731769919075
96,Enter,1731769919283
97,1,1731769920267
97,7,1731769920603
97,8,1731769920867
97,0,1731769921339
97,8,1731769921627
97,Enter,1731769921875
98,0,1731769922859
98,2,1731769923074
98,4,1731769923331
98,8,1731769924178
98,0,1731769924475
98,Enter,1731769924650
99,6,1731769925970
99,9,1731769926226
99,6,1731769926522
99,5,1731769927042
99,5,1731769927298
99,Enter,1731769927562
100,7,1731769928634
100,1,1731769928898
100,7,1731769929162
100,2,1731769929514
100,7,1731769929843
100,Enter,1731769930314
101,3,1731769931362
101,6,1731769931610
101,9,1731769931842
101,1,1731769932378
101,6,1731769932586
101,Enter,1731769932874
102,7,1731769933970
102,1,1731769934242
102,2,1731769934506
102,1,1731769934858
102,2,1731769935090
102,Enter,1731769935346
103,5,1731769936500.5
103,2,1731769936756.5
103,3,1731769937020.5
103,2,1731769937340.5
103,9,1731769937612.5
103,Enter,1731769937868.5
104,2,1731769938916.5
104,6,1731769939156.5
104,4,1731769939436.5
104,6,1731769940172.5
104,4,1731769940340.5
104,Enter,1731769940580.5
105,0,1731769941620.5
105,5,1731769941996.5
105,3,1731769942284.5
105,1,1731769942803.5
105,8,1731769943027.5
105,Enter,1731769943299.5
106,3,1731769944283.5
106,1,1731769944516.5
106,4,1731769944755.5
106,5,1731769945115.5
106,4,1731769945771.5
106,Enter,1731769946011.5
107,3,1731769946979.5
107,9,1731769947276.5
107,3,1731769947579.5
107,2,1731769947995.5
107,7,1731769948363.5
107,Enter,1731769948611.5
108,9,1731769949603.5
108,1,1731769949907.5
108,0,1731769950147.5
108,3,1731769950715.5
108,9,1731769950963.5
108,Enter,1731769951227.5
109,4,1731769952275.5
109,5,1731769952499.5
109,8,1731769952747.5
109,9,1731769953371.5
109,4,1731769953763.5
109,Enter,1731769954035.5
110,6,1731769955123.5
110,0,1731769955379.5
110,4,1731769955667.5
110,3,1731769956155.5
110,7,1731769956475.5
110,Enter,1731769956731.5
111,8,1731769957867.5
111,5,1731769958115.5
111,8,1731769958507.5
111,1,1731769959179.5
111,8,1731769959387.5
111,Enter,1731769959691.5
112,2,1731769960651.5
112,8,1731769961059.5
112,9,1731769961243.5
112,8,1731769962099.5
112,4,1731769962395.5
112,Enter,1731769962603.5
113,3,1731769963459.5
113,2,1731769963707.5
113,1,1731769963947.5
113,0,1731769964339.5
113,4,1731769964675.5
113,Enter,1731769964915.5
114,5,1731769966035.5
114,0,1731769966339.5
114,6,1731769966595.5
114,0,1731769967115.5
114,5,1731769967571.5
114,Enter,1731769967859.5
115,9,1731769968891.5
115,5,1731769969187.5
115,8,1731769969435.5
115,6,1731769969963.5
115,1,1731769970202.5
115,Enter,1731769970386.5
116,7,1731769971555.5
116,5,1731769971835.5
116,7,1731769972106.5
116,0,1731769972698.5
116,7,1731769973042.5
116,Enter,1731769973338.5
117,8,1731769974394.5
117,2,1731769974666.5
117,0,1731769974938.5
117,7,1731769975546.5
117,5,1731769975763.5
117,Enter,1731769975994.5
118,3,1731769977074.5
118,0,1731769977290.5
118,9,1731769977603.5
118,6,1731769978122.5
118,0,1731769978354.5
118,Enter,1731769978578.5
119,6,1731769979746.5
119,9,1731769979978.5
119,4,1731769980266.5
119,6,1731769980946.5
119,8,1731769981194.5
119,Enter,1731769981498.5
120,8,1731769982786.5
120,2,1731769983114.5
120,5,1731769983362.5
120,7,1731769984018.5
120,8,1731769984178.5
120,Enter,1731769984482.5
121,6,1731769985610.5
121,2,1731769985914.5
121,0,1731769986218.5
121,2,1731769986738.5
121,7,1731769987002.5
121,Enter,1731769987283.5
122,6,1731769988426.5
122,7,1731769988706.5
122,3,1731769989026.5
122,0,1731769989690.5
122,3,1731769989906.5
122,Enter,1731769990146.5
123,0,1731769991202.5
123,7,1731769991514.5
123,0,1731769991914.5
123,3,1731769992338.5
123,1,1731769992546.5
123,Enter,1731769992890.5
124,4,1731769994312.5
124,3,1731769994570.5
124,2,1731769994834.5
124,1,1731769995218.5
124,6,1731769995778.5
124,Enter,1731769996114.5
125,4,1731769997210.5
125,7,1731769997458.5
125,6,1731769997938.5
125,9,1731769998778.5
125,3,1731769999050.5
125,Enter,1731769999314.5
126,9,1731770000410.5
126,2,1731770000666.5
126,5,1731770000930.5
126,7,1731770001434.5
126,6,1731770002106.5
126,Enter,1731770002314.5
127,1,1731770003370.5
127,6,1731770003634.5
127,3,1731770004130.5
127,6,1731770004682.5
127,7,1731770004914.5
127,Enter,1731770005186.5
128,3,1731770006202.5
128,9,1731770006498.5
128,4,1731770006762.5
128,9,1731770007730.5
128,8,1731770007954.5
128,Enter,1731770008226.5
129,1,1731770009218.5
129,9,1731770009658.5
129,1,1731770009970.5
129,6,1731770010794.5
129,1,1731770010978.5
129,Enter,1731770011186.5
130,3,1731770012042.5
130,1,1731770012290.5
130,3,1731770012554.5
130,7,1731770013042.5
130,3,1731770013290.5
130,Enter,1731770013538.5
131,7,1731770014594.5
131,8,1731770014802.5
131,2,1731770015106.5
131,0,1731770015602.5
131,6,1731770015938.5
131,Enter,1731770016154.5
132,4,1731770017386.5
132,8,1731770017626.5
132,4,1731770017946.5
132,5,1731770018474.5
132,1,1731770018706.5
132,Enter,1731770018922.5
133,2,1731770020074.5
133,9,1731770020322.5
133,8,1731770020554.5
133,0,1731770021058.5
133,4,1731770021426.5
133,Enter,1731770021706.5
134,5,1731770022841.5
134,8,1731770023138.5
134,4,1731770023441.5
134,6,1731770023993.5
134,7,1731770024298.5
134,Enter,1731770024561.5
135,1,1731770025553.5
135,8,1731770025857.5
135,9,1731770026169.5
135,0,1731770026601.5
135,5,1731770026833.5
135,Enter,1731770027074.5
136,0,1731770028066.5
136,9,1731770028393.5
136,5,1731770028658.5
136,0,1731770029393.5
136,2,1731770029609.5
136,Enter,1731770029865.5
137,9,1731770030857.5
137,5,1731770031418.5
137,2,1731770031641.5
137,5,1731770032010.5
137,8,1731770032297.5
137,Enter,1731770032625.5
138,4,1731770033689.5
138,2,1731770033913.5
138,4,1731770034201.5
138,5,1731770034873.5
138,1,1731770035081.5
138,Enter,1731770035281.5
139,9,1731770036289.5
139,8,1731770036905.5
139,5,1731770037169.5
139,0,1731770037569.5
139,4,1731770037841.5
139,Enter,1731770038089.5
140,3,1731770039025.5
140,8,1731770039409.5
140,9,1731770039665.5
140,8,1731770040417.5
140,1,1731770040721.5
140,Enter,1731770040913.5
141,8,1731770042081.5
141,2,1731770042361.5
141,7,1731770042649.5
141,0,1731770043209.5
141,9,1731770043513.5
141,Enter,1731770043761.5
142,4,1731770044761.5
142,1,1731770044985.5
142,5,1731770045217.5
142,0,1731770045553.5
142,7,1731770045937.5
142,Enter,1731770046193.5
143,5,1731770047369.5
143,6,1731770047609.5
143,5,1731770047873.5
143,7,1731770048273.5
143,6,1731770048785.5
143,Enter,1731770049001.5
144,2,1731770049929.5
144,0,1731770050153.5
144,2,1731770050385.5
144,6,1731770050881.5
144,1,1731770051137.5
144,Enter,1731770051377.5
145,6,1731770052521.5
145,2,1731770052737.5
145,7,1731770053009.5
145,2,1731770053529.5
145,7,1731770053817.5
145,Enter,1731770054081.5
146,6,1731770055193.5
146,2,1731770055481.5
146,5,1731770055721.5
146,7,1731770056345.5
146,5,1731770056609.5
146,Enter,1731770056849.5
147,0,1731770057825.5
147,6,1731770058073.5
147,5,1731770058337.5
147,7,1731770059016.5
147,3,1731770059368.5
147,Enter,1731770059624.5
148,7,1731770060976.5
148,2,1731770061296.5
148,1,1731770061528.5
148,0,1731770061992.5
148,8,1731770062273.5
148,Enter,1731770062529.5
149,3,1731770063384.5
149,0,1731770063657.5
149,3,1731770063920.5
149,4,1731770065152.5
149,2,1731770065568.5
149,Enter,1731770065833.5
150,4,1731770066848.5
150,8,1731770067064.5
150,4,1731770067352.5
150,3,1731770067752.5
150,4,1731770068017.5
150,Enter,1731770068264.5
151,9,1731770069344.5
151,5,1731770069608.5
151,1,1731770069880.5
151,0,1731770070360.5
151,3,1731770070777.5
151,Enter,1731770071032.5
152,4,1731770072200.5
152,9,1731770072416.5
152,8,1731770072664.5
152,1,1731770073432.5
152,5,1731770073624.5
152,Enter,1731770073888.5
153,6,1731770075024.5
153,7,1731770075313.5
153,1,1731770075592.5
153,2,1731770075976.5
153,5,1731770076240.5
153,Enter,1731770076472.5
154,1,1731770077408.5
154,2,1731770077656.5
154,0,1731770077912.5
154,5,1731770078440.5
154,3,1731770078672.5
154,Enter,1731770078912.5
155,7,1731770079936.5
155,3,1731770080280.5
155,6,1731770080504.5
155,3,1731770081192.5
155,9,1731770081464.5
155,Enter,1731770081760.5
156,4,1731770082808.5
156,8,1731770083312.5
156,6,1731770083632.5
156,1,1731770084136.5
156,3,1731770084488.5
156,Enter,1731770084720.5
157,9,1731770085728.5
157,4,1731770085992.5
157,9,1731770086192.5
157,8,1731770086928.5
157,9,1731770087104.5
157,Enter,1731770087512.5
158,0,1731770088448.5
158,9,1731770088808.5
158,8,1731770089128.5
158,9,1731770090072.5
158,4,1731770090344.5
158,Enter,1731770090552.5
159,6,1731770091632.5
159,1,1731770091864.5
159,8,1731770092128.5
159,0,1731770092616.5
159,4,1731770092944.5
159,Enter,1731770093160.5
160,2,1731770094064.5
160,3,1731770094312.5
160,5,1731770094560.5
160,2,1731770095112.5
160,1,1731770095312.5
160,Enter,1731770095528.5
161,3,1731770096432.5
161,1,1731770096640.5
161,9,1731770096864.5
161,1,1731770097359.5
161,9,1731770097568.5
161,Enter,1731770097920.5
162,0,1731770098824.5
162,2,1731770099047.5
162,0,1731770099335.5
162,4,1731770099855.5
162,2,1731770100127.5
162,Enter,1731770100359.5
163,7,1731770101399.5
163,9,1731770101639.5
163,7,1731770101871.5
163,6,1731770102471.5
163,1,1731770102727.5
163,Enter,1731770102935.5
164,5,1731770103975.5
164,1,1731770104223.5
164,6,1731770104471.5
164,5,1731770104999.5
164,6,1731770105295.5
164,Enter,1731770105591.5
165,8,1731770106783.5
165,4,1731770107015.5
165,3,1731770107343.5
165,4,1731770108199.5
165,7,1731770108399.5
165,Enter,1731770108671.5
166,9,1731770109679.5
166,4,1731770110023.5
166,7,1731770110255.5
166,8,1731770110847.5
166,9,1731770111031.5
166,Enter,1731770111343.5
167,3,1731770112255.5
167,2,1731770112527.5
167,6,1731770112799.5
167,3,1731770113231.5
167,5,1731770113527.5
167,Enter,1731770113791.5
168,4,1731770114823.5
168,9,1731770115031.5
168,0,1731770115407.5
168,7,1731770115983.5
168,6,1731770116447.5
168,Enter,1731770116687.5
169,2,1731770117735.5
169,8,1731770118047.5
169,5,1731770118319.5
169,8,1731770119167.5
169,0,1731770119455.5
169,Enter,1731770119655.5
170,1,1731770120703.5
170,4,1731770120927.5
170,0,1731770121207.5
170,6,1731770121783.5
170,0,1731770122063.5
170,Enter,1731770122263.5
171,5,1731770123319.5
171,9,1731770123519.5
171,3,1731770123847.5
171,9,1731770124647.5
171,3,1731770124951.5
171,Enter,1731770125183.5
172,6,1731770126255.5
172,3,1731770126510.5
172,2,1731770126774.5
172,5,1731770127558.5
172,7,1731770127814.5
172,Enter,1731770128119.5
173,8,1731770129318.5
173,1,1731770130047.5
173,6,1731770130486.5
173,5,1731770131550.5
173,8,1731770131758.5
173,Enter,1731770132038.5
174,4,1731770133062.5
174,2,1731770133286.5
174,5,1731770133526.5
174,2,1731770134078.5
174,1,1731770134262.5
174,Enter,1731770134438.5
175,5,1731770135462.5
175,1,1731770135686.5
175,0,1731770135966.5
175,8,1731770136606.5
175,9,1731770136782.5
175,Enter,1731770137046.5
176,7,1731770138046.5
176,8,1731770138286.5
176,7,1731770138510.5
176,4,1731770139095.5
176,3,1731770139382.5
176,Enter,1731770139678.5
177,0,1731770140542.5
177,7,1731770140902.5
177,0,1731770141238.5
177,7,1731770141670.5
177,6,1731770142094.5
177,Enter,1731770142302.5
178,4,1731770143518.5
178,6,1731770143742.5
178,4,1731770143990.5
178,2,1731770144798.5
178,3,1731770145030.5
178,Enter,1731770145278.5
179,9,1731770146246.5
179,0,1731770146534.5
179,8,1731770146807.5
179,1,1731770147294.5
179,8,1731770147670.5
179,Enter,1731770147982.5
180,5,1731770148966.5
180,4,1731770149286.5
180,0,1731770149542.5
180,5,1731770150102.5
180,1,1731770150358.5
180,Enter,1731770150582.5
181,5,1731770151630.5
181,6,1731770151910.5
181,4,1731770152166.5
181,2,1731770152702.5
181,5,1731770153070.5
181,Enter,1731770153318.5
182,3,1731770154246.5
182,4,1731770154486.5
182,3,1731770154758.5
182,0,1731770155070.5
182,9,1731770155358.5
182,Enter,1731770155678.5
183,7,1731770156846.5
183,8,1731770157062.5
183,1,1731770157422.5
183,0,1731770157886.5
183,2,1731770158142.5
183,Enter,1731770158414.5
184,5,1731770159526.5
184,4,1731770159758.5
184,9,1731770160030.5
184,1,1731770160526.5
184,6,1731770160790.5
184,Enter,1731770161030.5
185,1,1731770161958.5
185,7,1731770162237.5
185,1,1731770162501.5
185,2,1731770162854.5
185,9,1731770163150.5
185,Enter,1731770163405.5
186,0,1731770164493.5
186,6,1731770164758.5
186,7,1731770165014.5
186,8,1731770165925.5
186,4,1731770166237.5
186,Enter,1731770166501.5
187,2,1731770167429.5
187,0,1731770167653.5
187,2,1731770167885.5
187,8,1731770168381.5
187,2,1731770168661.5
187,Enter,1731770168861.5
188,1,1731770169805.5
188,0,1731770170037.5
188,1,1731770170302.5
188,4,1731770170861.5
188,8,1731770171061.5
188,Enter,1731770171373.5
189,2,1731770172293.5
189,9,1731770172557.5
189,3,1731770172845.5
189,7,1731770173581.5
189,0,1731770173917.5
189,Enter,1731770174093.5
190,8,1731770175261.5
190,6,1731770175501.5
190,4,1731770175789.5
190,2,1731770176309.5
190,0,1731770176533.5
190,Enter,1731770176693.5
191,6,1731770177965.5
191,9,1731770178309.5
191,3,1731770178629.5
191,9,1731770179221.5
191,7,1731770179453.5
191,Enter,1731770179701.5
192,3,1731770180605.5
192,7,1731770180973.5
192,2,1731770181309.5
192,5,1731770181869.5
192,7,1731770182229.5
192,Enter,1731770182493.5
193,5,1731770183589.5
193,8,1731770183965.5
193,3,1731770184261.5
193,2,1731770184709.5
193,8,1731770185045.5
193,Enter,1731770185294.5
194,6,1731770186293.5
194,1,1731770186533.5
194,6,1731770186797.5
194,4,1731770187389.5
194,5,1731770187621.5
194,Enter,1731770187941.5
195,7,1731770189165
195,8,1731770189421
195,0,1731770189765
195,1,1731770190189
195,5,1731770190389
195,Enter,1731770190677
196,8,1731770191925
196,3,1731770192253
196,8,1731770192941
196,7,1731770193389
196,6,1731770193805
196,Enter,1731770194045
197,9,1731770195037
197,4,1731770195269
197,0,1731770195557
197,4,1731770196077
197,3,1731770196357
197,Enter,1731770196573
198,5,1731770197565
198,9,1731770197893
198,7,1731770198405
198,3,1731770199181
198,6,1731770199421
198,Enter,1731770199685
199,3,1731770200669
199,9,1731770200916
199,1,1731770201189
199,9,1731770201749
199,6,1731770201973
199,Enter,1731770202253
200,6,1731770203340
200,4,1731770203813
200,3,1731770204084
200,8,1731770204612
200,0,1731770204876
200,Enter,1731770205796
201,7,1731770206884
201,2,1731770207164
201,7,1731770207500
201,4,1731770208228
201,3,1731770208628
201,Enter,1731770208876
202,4,1731770209860
202,3,1731770210124
202,5,1731770210381
202,1,1731770210956
202,7,1731770211260
202,Enter,1731770211524
203,0,1731770212436
203,7,1731770212772
203,2,1731770213196
203,5,1731770213876
203,8,1731770214092
203,Enter,1731770214348
204,2,1731770215220
204,3,1731770215444
204,0,1731770215708
204,1,1731770216020
204,3,1731770216252
204,Enter,1731770216500
205,8,1731770217652
205,4,1731770217885
205,8,1731770218092
205,5,1731770218692
205,8,1731770219164
205,Enter,1731770219460
206,0,1731770220644
206,1,1731770220892
206,0,1731770221164
206,3,1731770221404
206,9,1731770221668
206,Enter,1731770221980
207,5,1731770223004
207,9,1731770223260
207,5,1731770223540
207,6,1731770224292
207,4,1731770224524
207,Enter,1731770224740
208,5,1731770225764
208,1,1731770226036
208,0,1731770226348
208,5,1731770226828
208,9,1731770227012
208,Enter,1731770227292
209,1,1731770228268
209,0,1731770228532
209,3,1731770228796
209,2,1731770229356
209,6,1731770229628
209,Enter,1731770229868
210,2,1731770230852
210,7,1731770231156
210,1,1731770231476
210,8,1731770232060
210,6,1731770232348
210,Enter,1731770232596
211,8,1731770233748
211,5,1731770234012
211,9,1731770234276
211,2,1731770234716
211,9,1731770234980
211,Enter,1731770235316
212,8,1731770236532.5
212,9,1731770236724.5
212,7,1731770237020.5
212,0,1731770237548.5
212,2,1731770237780.5
212,Enter,1731770238012.5
213,6,1731770239148.5
213,7,1731770239436.5
213,6,1731770239684.5
213,5,1731770240147.5
213,0,1731770240396.5
213,Enter,1731770240611.5
214,3,1731770241564.5
214,1,1731770241819.5
214,6,1731770242075.5
214,1,1731770242564.5
214,7,1731770242891.5
214,Enter,1731770243195.5
215,2,1731770244107.5
215,7,1731770244475.5
215,9,1731770244947.5
215,4,1731770245427.5
215,9,1731770245627.5
215,Enter,1731770245907.5
216,1,1731770246819.5
216,9,1731770247108.5
216,4,1731770247435.5
216,6,1731770248163.5
216,3,1731770248379.5
216,Enter,1731770248603.5
217,0,1731770249555.5
217,2,1731770249835.5
217,6,1731770250059.5
217,4,1731770250851.5
217,8,1731770251043.5
217,Enter,1731770251323.5
218,3,1731770252283.5
218,8,1731770252611.5
218,5,1731770252867.5
218,9,1731770253355.5
218,1,1731770253587.5
218,Enter,1731770254099.5
219,4,1731770255171.5
219,6,1731770255571.5
219,4,1731770255835.5
219,2,1731770256187.5
219,7,1731770256523.5
219,Enter,1731770256787.5
220,7,1731770258099.5
220,9,1731770258347.5
220,5,1731770258627.5
220,8,1731770259507.5
220,9,1731770259658.5
220,Enter,1731770259939.5
221,2,1731770260858.5
221,8,1731770261594.5
221,0,1731770261923.5
221,8,1731770262658.5
221,0,1731770262994.5
221,Enter,1731770263267.5
222,8,1731770264810.5
222,9,1731770265066.5
222,3,1731770265402.5
222,4,1731770266314.5
222,3,1731770266594.5
222,Enter,1731770266866.5
223,1,1731770267898.5
223,6,1731770268235.5
223,2,1731770268450.5
223,0,1731770269002.5
223,2,1731770269298.5
223,Enter,1731770269530.5
224,3,1731770270434.5
224,7,1731770270962.5
224,5,1731770271203.5
224,6,1731770272082.5
224,8,1731770272330.5
224,Enter,1731770272626.5
225,6,1731770273866.5
225,4,1731770274090.5
225,5,1731770274322.5
225,3,1731770274722.5
225,6,1731770274970.5
225,Enter,1731770275210.5
226,8,1731770276386.5
226,2,1731770276642.5
226,5,1731770276898.5
226,2,1731770277314.5
226,1,1731770277522.5
226,Enter,1731770277754.5
227,4,1731770278770.5
227,1,1731770279034.5
227,3,1731770279282.5
227,1,1731770279890.5
227,2,1731770280090.5
227,Enter,1731770280346.5
228,7,1731770281410.5
228,2,1731770281730.5
228,3,1731770282026.5
228,4,1731770282714.5
228,0,1731770282970.5
228,Enter,1731770283266.5
229,8,1731770284362.5
229,4,1731770284586.5
229,5,1731770284826.5
229,9,1731770285298.5
229,1,1731770285554.5
229,Enter,1731770285770.5
230,7,1731770286914.5
230,0,1731770287306.5
230,6,1731770287954.5
230,2,1731770288738.5
230,8,1731770289026.5
230,Enter,1731770289330.5
231,4,1731770290322.5
231,0,1731770290586.5
231,8,1731770290898.5
231,6,1731770291482.5
231,2,1731770291690.5
231,Enter,1731770291922.5
232,7,1731770293010.5
232,2,1731770293274.5
232,7,1731770293554.5
232,9,1731770294274.5
232,6,1731770294554.5
232,Enter,1731770294802.5
233,5,1731770295754.5
233,1,1731770295994.5
233,5,1731770296225.5
233,3,1731770296585.5
233,4,1731770296993.5
233,Enter,1731770297217.5
234,5,1731770298241.5
234,4,1731770298473.5
234,9,1731770298729.5
234,7,1731770299449.5
234,9,1731770299634.5
234,Enter,1731770299881.5
235,6,1731770300826.5
235,0,1731770301057.5
235,6,1731770301297.5
235,8,1731770301697.5
235,0,1731770302002.5
235,Enter,1731770302513.5
236,1,1731770303434.5
236,9,1731770303642.5
236,1,1731770303898.5
236,3,1731770304410.5
236,6,1731770304882.5
236,Enter,1731770305138.5
237,1,1731770306122.5
237,2,1731770306394.5
237,1,1731770306666.5
237,7,1731770307122.5
237,0,1731770307426.5
237,Enter,1731770307594.5
238,7,1731770308706.5
238,5,1731770308954.5
238,7,1731770309202.5
238,4,1731770309626.5
238,9,1731770309858.5
238,Enter,1731770310122.5
239,4,1731770311354.5
239,3,1731770311610.5
239,5,1731770311890.5
239,3,1731770312298.5
239,9,1731770312562.5
239,Enter,1731770312826.5
240,0,1731770313762.5
240,7,1731770314090.5
240,6,1731770314354.5
240,7,1731770315018.5
240,6,1731770315258.5
240,Enter,1731770315482.5
241,3,1731770316474.5
241,0,1731770316698.5
241,3,1731770316954.5
241,8,1731770318034.5
241,6,1731770318257.5
241,Enter,1731770318482.5
242,9,1731770319513.5
242,4,1731770319753.5
242,2,1731770319993.5
242,0,1731770320481.5
242,5,1731770320785.5
242,Enter,1731770321001.5
243,8,1731770322209.5
243,9,1731770322409.5
243,8,1731770322641.5
243,7,1731770323049.5
243,4,1731770323417.5
243,Enter,1731770323657.5
244,0,1731770324657.5
244,2,1731770324873.5
244,9,1731770325177.5
244,0,1731770325857.5
244,9,1731770326129.5
244,Enter,1731770326377.5
245,8,1731770327433.5
245,2,1731770327674.5
245,0,1731770327897.5
245,7,1731770328505.5
245,3,1731770328913.5
245,Enter,1731770329113.5
246,5,1731770330129.5
246,2,1731770330377.5
246,6,1731770330681.5
246,2,1731770331377.5
246,7,1731770331681.5
246,Enter,1731770331937.5
247,4,1731770332937.5
247,1,1731770333161.5
247,5,1731770333393.5
247,7,1731770333905.5
247,1,1731770334225.5
247,Enter,1731770334417.5
248,3,1731770335313.5
248,1,1731770335537.5
248,3,1731770335809.5
248,1,1731770336393.5
248,6,1731770336649.5
248,Enter,1731770336921.5
249,1,1731770337793.5
249,5,1731770338033.5
249,1,1731770338281.5
249,5,1731770339105.5
249,3,1731770339345.5
249,Enter,1731770339585.5
250,6,1731770340881.5
250,2,1731770341529.5
250,8,1731770341809.5
250,7,1731770342433.5
250,4,1731770343129.5
250,Enter,1731770343417.5
251,7,1731770344569.5
251,8,1731770344849.5
251,4,1731770345089.5
251,9,1731770345697.5
251,4,1731770345961.5
251,Enter,1731770346233.5
252,2,1731770347193.5
252,1,1731770347409.5
252,9,1731770347673.5
252,0,1731770348225.5
252,4,1731770349209.5
252,Enter,1731770349505.5
253,0,1731770350433.5
253,3,1731770350689.5
253,8,1731770351009.5
253,9,1731770351897.5
253,5,1731770352113.5
253,Enter,1731770352337.5
254,7,1731770353409.5
254,5,1731770353689.5
254,7,1731770353921.5
254,3,1731770354369.5
254,1,1731770354601.5
254,Enter,1731770354848.5
255,6,1731770356081.5
255,5,1731770356305.5
255,8,1731770356536.5
255,2,1731770357080.5
255,1,1731770357280.5
255,Enter,1731770357505.5
256,2,1731770358384.5
256,3,1731770358608.5
256,0,1731770358881.5
256,6,1731770359336.5
256,4,1731770359720.5
256,Enter,1731770359952.5
257,6,1731770361512.5
257,2,1731770361776.5
257,8,1731770362040.5
257,5,1731770362712.5
257,1,1731770362936.5
257,Enter,1731770363104.5
258,9,1731770364120.5
258,4,1731770364344.5
258,9,1731770364584.5
258,6,1731770365264.5
258,3,1731770365472.5
258,Enter,1731770365687.5
259,4,1731770366696.5
259,8,1731770366904.5
259,0,1731770367215.5
259,9,1731770367824.5
259,5,1731770368040.5
259,Enter,1731770368279.5
260,2,1731770369255.5
260,3,1731770369495.5
260,5,1731770369759.5
260,6,1731770370583.5
260,9,1731770370807.5
260,Enter,1731770371071.5
261,4,1731770372135.5
261,2,1731770372359.5
261,5,1731770372639.5
261,4,1731770373263.5
261,7,1731770373471.5
261,Enter,1731770373727.5
262,8,1731770374855.5
262,7,1731770375072.5
262,8,1731770375311.5
262,5,1731770376159.5
262,4,1731770376367.5
262,Enter,1731770376575.5
263,9,1731770377551.5
263,1,1731770377807.5
263,2,1731770378015.5
263,6,1731770378543.5
263,5,1731770378735.5
263,Enter,1731770378975.5
264,1,1731770379951.5
264,2,1731770380159.5
264,6,1731770380423.5
264,4,1731770381039.5
264,1,1731770381239.5
264,Enter,1731770381415.5
265,9,1731770382703.5
265,3,1731770382975.5
265,2,1731770383175.5
265,9,1731770383711.5
265,0,1731770383975.5
265,Enter,1731770384159.5
266,9,1731770385303.5
266,5,1731770385535.5
266,6,1731770385783.5
266,5,1731770386343.5
266,7,1731770386591.5
266,Enter,1731770386839.5
267,1,1731770387879.5
267,0,1731770388111.5
267,4,1731770388391.5
267,9,1731770388991.5
267,1,1731770389199.5
267,Enter,1731770389399.5
268,2,1731770390367.5
268,3,1731770390583.5
268,6,1731770390823.5
268,3,1731770391519.5
268,4,1731770391799.5
268,Enter,1731770392047.5
269,1,1731770393127.5
269,4,1731770393359.5
269,7,1731770393591.5
269,4,1731770394495.5
269,8,1731770394735.5
269,Enter,1731770394967.5
270,0,1731770396031.5
270,8,1731770396359.5
270,0,1731770396671.5
270,8,1731770397167.5
270,9,1731770397279.5
270,Enter,1731770397559.5
271,8,1731770398655.5
271,6,1731770398903.5
271,5,1731770399175.5
271,9,1731770399863.5
271,8,1731770400087.5
271,Enter,1731770400367.5
272,1,1731770401343.5
272,9,1731770401567.5
272,3,1731770401822.5
272,0,1731770402359.5
272,3,1731770402574.5
272,Enter,1731770402783.5
273,1,1731770403742.5
273,3,1731770403934.5
273,4,1731770404166.5
273,0,1731770404646.5
273,6,1731770404958.5
273,Enter,1731770405182.5
274,0,1731770406071.5
274,7,1731770406398.5
274,2,1731770406718.5
274,0,1731770407030.5
274,4,1731770407334.5
274,Enter,1731770407542.5
275,5,1731770408654.5
275,2,1731770408878.5
275,0,1731770409126.5
275,7,1731770409615.5
275,2,1731770409934.5
275,Enter,1731770410166.5
276,5,1731770411455.5
276,7,1731770411702.5
276,6,1731770412094.5
276,7,1731770412758.5
276,6,1731770413006.5
276,Enter,1731770413254.5
277,7,1731770414287.5
277,3,1731770414734.5
277,8,1731770415054.5
277,1,1731770415758.5
277,8,1731770415982.5
277,Enter,1731770416246.5
278,6,1731770417302.5
278,5,1731770417510.5
278,0,1731770417846.5
278,8,1731770418254.5
278,9,1731770418486.5
278,Enter,1731770418758.5
279,1,1731770419686.5
279,3,1731770419910.5
279,2,1731770420150.5
279,3,1731770420534.5
279,7,1731770420878.5
279,Enter,1731770421166.5
280,9,1731770422102.5
280,8,1731770422390.5
280,5,1731770422638.5
280,2,1731770423222.5
280,7,1731770423510.5
280,Enter,1731770423758.5
281,9,1731770424854.5
281,4,1731770425119.5
281,9,1731770425382.5
281,2,1731770425798.5
281,3,1731770426015.5
281,Enter,1731770426246.5
282,5,1731770427294.5
282,4,1731770427526.5
282,6,1731770428326.5
282,3,1731770428606.5
282,0,1731770429110.5
282,Enter,1731770429334.5
283,4,1731770430359.5
283,3,1731770430606.5
283,7,1731770430966.5
283,8,1731770431790.5
283,2,1731770432086.5
283,Enter,1731770432270.5
284,7,1731770433486.5
284,0,1731770433798.5
284,2,1731770434038.5
284,0,1731770434590.5
284,4,1731770434910.5
284,Enter,1731770435182.5
285,1,1731770436142.5
285,3,1731770436382.5
285,1,1731770436638.5
285,6,1731770437094.5
285,5,1731770437318.5
285,Enter,1731770437638.5
286,2,1731770438582.5
286,9,1731770438870.5
286,5,1731770439150.5
286,8,1731770439790.5
286,7,1731770440022.5
286,Enter,1731770440286.5
287,2,1731770441510.5
287,8,1731770441830.5
287,6,1731770442126.5
287,9,1731770442630.5
287,4,1731770442886.5
287,Enter,1731770443142.5
288,5,1731770444206.5
288,1,1731770444446.5
288,0,1731770444726.5
288,1,1731770445166.5
288,2,1731770445398.5
288,Enter,1731770445654.5
289,1,1731770446566.5
289,5,1731770446886.5
289,8,1731770447126.5
289,9,1731770447814.5
289,0,1731770448118.5
289,Enter,1731770448302.5
290,9,1731770449350.5
290,6,1731770449670.5
290,7,1731770449990.5
290,2,1731770450622.5
290,7,1731770450934.5
290,Enter,1731770451254.5
291,4,1731770452230.5
291,0,1731770452462.5
291,4,1731770452766.5
291,0,1731770453142.5
291,2,1731770453342.5
291,Enter,1731770453590.5
292,0,1731770454542.5
292,8,1731770454886.5
292,4,1731770455142.5
292,3,1731770455622.5
292,8,1731770455926.5
292,Enter,1731770456222.5
293,0,1731770457182.5
293,7,1731770457510.5
293,4,1731770457798.5
293,1,1731770458133.5
293,0,1731770458381.5
293,Enter,1731770458653.5
294,1,1731770459558.5
294,5,1731770459949.5
294,9,1731770460213.5
294,3,1731770460797.5
294,6,1731770461045.5
294,Enter,1731770461293.5
295,3,1731770462229.5
295,6,1731770462526.5
295,9,1731770462789.5
295,3,1731770463477.5
295,6,1731770463773.5
295,Enter,1731770464157.5
296,1,1731770465085.5
296,3,1731770465333.5
296,6,1731770465685.5
296,5,1731770466221.5
296,8,1731770466469.5
296,Enter,1731770466765.5
297,1,1731770467629.5
297,6,1731770467989.5
297,3,1731770468229.5
297,8,1731770468981.5
297,5,1731770469205.5
297,Enter,1731770469445.5
298,7,1731770470861.5
298,8,1731770471077.5
298,2,1731770471373.5
298,4,1731770472197.5
298,1,1731770472413.5
298,Enter,1731770472613.5
299,6,1731770474125.5
299,7,1731770474405.5
299,9,1731770475725.5
299,7,1731770476549.5
299,5,1731770476773.5
299,Enter,1731770477021.5
300,6,1731770478237.5
300,2,1731770478461.5
300,0,1731770478701.5
300,9,1731770479261.5
300,2,1731770479549.5
300,Enter,1731770479765.5
301,0,1731770480941.5
301,6,1731770481213.5
301,0,1731770481453.5
301,4,1731770481853.5
301,6,1731770482221.5
301,Enter,1731770482821.5
302,7,1731770483893.5
302,8,1731770484117.5
302,7,1731770484365.5
302,8,1731770484893.5
302,7,1731770485165.5
302,Enter,1731770485493.5
303,2,1731770486501.5
303,9,1731770487093.5
303,6,1731770487373.5
303,7,1731770488085.5
303,8,1731770488261.5
303,Enter,1731770488549.5
304,7,1731770489732.5
304,4,1731770489972.5
304,8,1731770490220.5
304,1,1731770490748.5
304,8,1731770491052.5
304,Enter,1731770491308.5
305,0,1731770492204.5
305,2,1731770492444.5
305,5,1731770492708.5
305,3,1731770493228.5
305,8,1731770493748.5
305,Enter,1731770494036.5
306,2,1731770494964.5
306,5,1731770495164.5
306,1,1731770495396.5
306,0,1731770495812.5
306,1,1731770496020.5
306,Enter,1731770496212.5
307,2,1731770497244.5
307,1,1731770497444.5
307,3,1731770497692.5
307,8,1731770498204.5
307,1,1731770498460.5
307,Enter,1731770498652.5
308,6,1731770499764.5
308,5,1731770499996.5
308,4,1731770500236.5
308,9,1731770500827.5
308,7,1731770501099.5
308,Enter,1731770501403.5
309,9,1731770502524.5
309,6,1731770502795.5
309,2,1731770503067.5
309,5,1731770503804.5
309,7,1731770504059.5
309,Enter,1731770504307.5
310,3,1731770505307.5
310,7,1731770505827.5
310,4,1731770506059.5
310,5,1731770506619.5
310,4,1731770506827.5
310,Enter,1731770507099.5
311,5,1731770508291.5
311,9,1731770508531.5
311,3,1731770508787.5
311,4,1731770509387.5
311,5,1731770509555.5
311,Enter,1731770509827.5
312,4,1731770510827.5
312,8,1731770511035.5
312,0,1731770511363.5
312,4,1731770511867.5
312,7,1731770512083.5
312,Enter,1731770512427.5
313,9,1731770513603.5
313,2,1731770514067.5
313,7,1731770514371.5
313,5,1731770515019.5
313,0,1731770515267.5
313,Enter,1731770515451.5
314,3,1731770516275.5
314,0,1731770516563.5
314,3,1731770516803.5
314,9,1731770517323.5
314,3,1731770517555.5
314,Enter,1731770517763.5
315,4,1731770518739.5
315,3,1731770518979.5
315,5,1731770519267.5
315,6,1731770519795.5
315,9,1731770520051.5
315,Enter,1731770520339.5
316,2,1731770521259.5
316,6,1731770521771.5
316,1,1731770522083.5
316,0,1731770522699.5
316,4,1731770522979.5
316,Enter,1731770523235.5
317,9,1731770524227.5
317,2,1731770524475.5
317,1,1731770524715.5
317,5,1731770525163.5
317,1,1731770525411.5
317,Enter,1731770525611.5
318,3,1731770526491.5
318,1,1731770526715.5
318,8,1731770526995.5
318,0,1731770527459.5
318,8,1731770527763.5
318,Enter,1731770528019.5
319,3,1731770529027.5
319,6,1731770529387.5
319,9,1731770529603.5
319,1,1731770530163.5
319,6,1731770530755.5
319,Enter,1731770531003.5
320,9,1731770532011.5
320,3,1731770532387.5
320,9,1731770532675.5
320,8,1731770533235.5
320,7,1731770533443.5
320,Enter,1731770533715.5
321,3,1731770534659.5
321,9,1731770535219.5
321,8,1731770536037.5
321,0,1731770536404.5
321,1,1731770536612.5
321,Enter,1731770536804.5
322,3,1731770537732.5
322,1,1731770538164.5
322,2,1731770538380.5
322,8,1731770538883.5
322,2,1731770539219.5
322,Enter,1731770539395.5
323,0,1731770540427.5
323,2,1731770540739.5
323,6,1731770540979.5
323,4,1731770541859.5
323,6,1731770542067.5
323,Enter,1731770542339.5
324,5,1731770543331.5
324,0,1731770543587.5
324,2,1731770543843.5
324,5,1731770544459.5
324,2,1731770544683.5
324,Enter,1731770544891.5
325,5,1731770545907.5
325,4,1731770546147.5
325,9,1731770546371.5
325,1,1731770547083.5
325,9,1731770547419.5
325,Enter,1731770547675.5
326,5,1731770548843.5
326,4,1731770549075.5
326,7,1731770549299.5
326,1,1731770549851.5
326,4,1731770550107.5
326,Enter,1731770550355.5
327,7,1731770551395.5
327,2,1731770551691.5
327,7,1731770551955.5
327,6,1731770552643.5
327,5,1731770552851.5
327,Enter,1731770553107.5
328,8,1731770554147.5
328,5,1731770554347.5
328,1,1731770554603.5
328,7,1731770555347.5
328,8,1731770555555.5
328,Enter,1731770555811.5
329,0,1731770556715.5
329,4,1731770556995.5
329,3,1731770557259.5
329,2,1731770557803.5
329,0,1731770558002.5
329,Enter,1731770558170.5
330,3,1731770559043.5
330,0,1731770559291.5
330,6,1731770559570.5
330,7,1731770560250.5
330,6,1731770560546.5
330,Enter,1731770560794.5
331,9,1731770561875.5
331,8,1731770562083.5
331,0,1731770562427.5
331,7,1731770562850.5
331,2,1731770563178.5
331,Enter,1731770563434.5
332,7,1731770564530.5
332,5,1731770564746.5
332,1,1731770564978.5
332,9,1731770565530.5
332,0,1731770565827.5
332,Enter,1731770566019.5
333,1,1731770567011.5
333,4,1731770567298.5
333,6,1731770567562.5
333,4,1731770568298.5
333,6,1731770568538.5
333,Enter,1731770568762.5
334,8,1731770569930.5
334,1,1731770570226.5
334,4,1731770570482.5
334,7,1731770570962.5
334,4,1731770571234.5
334,Enter,1731770571530.5
335,9,1731770572538.5
335,0,1731770572842.5
335,3,1731770573138.5
335,5,1731770573674.5
335,3,1731770574002.5
335,Enter,1731770574234.5
336,9,1731770575338.5
336,3,1731770575602.5
336,1,1731770575826.5
336,7,1731770576442.5
336,8,1731770576602.5
336,Enter,1731770576898.5
337,5,1731770577946.5
337,8,1731770578586.5
337,3,1731770578890.5
337,1,1731770579282.5
337,2,1731770579474.5
337,Enter,1731770579730.5
338,5,1731770580818.5
338,6,1731770581058.5
338,9,1731770581314.5
338,0,1731770581994.5
338,6,1731770582242.5
338,Enter,1731770582466.5
339,8,1731770584178.5
339,6,1731770584498.5
339,4,1731770584778.5
339,2,1731770585506.5
339,3,1731770585698.5
339,Enter,1731770585954.5
340,4,1731770587186.5
340,8,1731770587418.5
340,4,1731770587682.5
340,3,1731770588034.5
340,9,1731770588306.5
340,Enter,1731770588586.5
341,7,1731770589634.5
341,9,1731770589834.5
341,0,1731770590162.5
341,4,1731770590562.5
341,1,1731770590762.5
341,Enter,1731770590994.5
342,7,1731770592098.5
342,8,1731770592337.5
342,7,1731770592602.5
342,2,1731770593058.5
342,7,1731770593370.5
342,Enter,1731770593626.5
343,1,1731770594482.5
343,6,1731770594729.5
343,0,1731770595030.5
343,6,1731770595842.5
343,3,1731770596057.5
343,Enter,1731770596305.5
344,9,1731770597441.5
344,3,1731770597729.5
344,5,1731770597977.5
344,1,1731770598602.5
344,3,1731770598825.5
344,Enter,1731770599057.5
345,1,1731770600057.5
345,4,1731770600281.5
345,6,1731770600993.5
345,0,1731770601617.5
345,6,1731770601921.5
345,Enter,1731770602153.5
346,1,1731770603393.5
346,4,1731770603625.5
346,5,1731770603889.5
346,2,1731770604177.5
346,8,1731770604561.5
346,Enter,1731770604873.5
347,3,1731770606001.5
347,9,1731770606305.5
347,1,1731770606593.5
347,6,1731770607233.5
347,5,1731770607449.5
347,Enter,1731770607705.5
348,4,1731770608697.5
348,5,1731770608897.5
348,0,1731770609169.5
348,9,1731770609569.5
348,0,1731770609865.5
348,Enter,1731770610065.5
349,1,1731770610993.5
349,2,1731770611225.5
349,0,1731770611681.5
349,0,1731770612193.5
349,2,1731770612457.5
349,Enter,1731770612713.5
350,7,1731770614153.5
350,3,1731770614432.5
350,5,1731770614696.5
350,4,1731770615385.5
350,9,1731770615680.5
350,Enter,1731770615928.5
351,4,1731770617048.5
351,8,1731770617240.5
351,7,1731770617440.5
351,6,1731770618128.5
351,7,1731770618361.5
351,Enter,1731770618641.5
352,0,1731770619608.5
352,5,1731770619856.5
352,2,1731770620088.5
352,8,1731770620904.5
352,4,1731770621144.5
352,Enter,1731770621376.5
353,8,1731770622912.5
353,6,1731770623232.5
353,8,1731770623497.5
353,9,1731770624320.5
353,2,1731770624592.5
353,Enter,1731770624768.5
354,3,1731770625680.5
354,9,1731770625944.5
354,7,1731770626328.5
354,8,1731770626904.5
354,3,1731770627184.5
354,Enter,1731770627392.5
355,6,1731770629136.5
355,8,1731770629384.5
355,6,1731770629664.5
355,7,1731770630360.5
355,5,1731770630616.5
355,Enter,1731770630824.5
356,2,1731770631776.5
356,6,1731770632064.5
356,3,1731770632280.5
356,4,1731770633168.5
356,9,1731770633416.5
356,Enter,1731770633680.5
357,1,1731770634600.5
357,5,1731770634808.5
357,0,1731770635080.5
357,2,1731770635368.5
357,0,1731770635624.5
357,Enter,1731770635824.5
358,2,1731770636784.5
358,5,1731770637048.5
358,8,1731770637272.5
358,3,1731770637912.5
358,7,1731770638200.5
358,Enter,1731770638512.5
359,1,1731770639552.5
359,5,1731770639736.5
359,1,1731770639912.5
359,9,1731770640576.5
359,2,1731770640808.5
359,Enter,1731770641025.5
360,8,1731770642248.5
360,6,1731770642504.5
360,2,1731770642752.5
360,3,1731770643264.5
360,1,1731770643472.5
360,Enter,1731770643656.5
361,7,1731770644880.5
361,4,1731770645096.5
361,3,1731770645392.5
361,4,1731770646376.5
361,5,1731770646568.5
361,Enter,1731770646832.5
362,3,1731770647704.5
362,2,1731770647912.5
362,4,1731770648160.5
362,1,1731770648752.5
362,2,1731770649136.5
362,Enter,1731770649360.5
363,9,1731770650296.5
363,0,1731770650592.5
363,7,1731770650879.5
363,1,1731770651472.5
363,3,1731770651671.5
363,Enter,1731770651879.5
364,2,1731770652887.5
364,5,1731770653143.5
364,3,1731770653359.5
364,5,1731770653919.5
364,9,1731770654104.5
364,Enter,1731770654375.5
365,1,1731770655247.5
365,9,1731770655480.5
365,0,1731770655727.5
365,9,1731770656399.5
365,6,1731770656607.5
365,Enter,1731770656831.5
366,8,1731770657959.5
366,6,1731770658215.5
366,3,1731770658479.5
366,5,1731770659287.5
366,8,1731770659511.5
366,Enter,1731770659767.5
367,4,1731770660759.5
367,8,1731770660935.5
367,0,1731770661263.5
367,8,1731770661759.5
367,6,1731770661983.5
367,Enter,1731770662215.5
368,7,1731770663327.5
368,4,1731770663576.5
368,7,1731770663816.5
368,9,1731770664312.5
368,7,1731770664616.5
368,Enter,1731770664888.5
369,2,1731770665848.5
369,8,1731770666128.5
369,9,1731770666351.5
369,0,1731770666912.5
369,3,1731770667728.5
369,Enter,1731770667975.5
370,4,1731770668927.5
370,2,1731770669151.5
370,0,1731770669399.5
370,9,1731770669904.5
370,5,1731770670207.5
370,Enter,1731770670471.5
371,9,1731770671559.5
371,1,1731770671815.5
371,3,1731770672055.5
371,1,1731770672439.5
371,9,1731770672703.5
371,Enter,1731770672983.5
372,2,1731770673903.5
372,9,1731770674191.5
372,5,1731770674432.5
372,0,1731770674991.5
372,5,1731770675335.5
372,Enter,1731770675591.5
373,6,1731770676703.5
373,5,1731770676943.5
373,4,1731770677183.5
373,1,1731770677511.5
373,0,1731770677759.5
373,Enter,1731770677983.5
374,7,1731770679247.5
374,6,1731770679503.5
374,3,1731770679783.5
374,7,1731770680615.5
374,2,1731770680935.5
374,Enter,1731770681143.5
375,1,1731770682039.5
375,4,1731770682271.5
375,0,1731770682575.5
375,3,1731770682903.5
375,2,1731770683103.5
375,Enter,1731770683351.5
376,1,1731770684223.5
376,7,1731770684639.5
376,4,1731770684911.5
376,8,1731770685415.5
376,2,1731770685687.5
376,Enter,1731770685919.5
377,6,1731770687087.5
377,7,1731770687359.5
377,8,1731770687575.5
377,7,1731770688207.5
377,6,1731770688663.5
377,Enter,1731770688935.5
378,8,1731770689935.5
378,0,1731770690215.5
378,8,1731770690535.5
378,6,1731770690999.5
378,1,1731770691183.5
378,Enter,1731770691375.5
379,5,1731770692327.5
379,0,1731770692583.5
379,5,1731770692863.5
379,6,1731770693335.5
379,4,1731770693519.5
379,Enter,1731770693719.5
380,9,1731770694727.5
380,6,1731770695087.5
380,1,1731770695335.5
380,6,1731770695919.5
380,5,1731770696119.5
380,Enter,1731770696375.5
381,6,1731770697591.5
381,4,1731770697807.5
381,9,1731770698047.5
381,4,1731770698879.5
381,7,1731770699063.5
381,Enter,1731770699311.5
382,0,1731770700295.5
382,4,1731770700583.5
382,3,1731770700822.5
382,7,1731770701558.5
382,3,1731770702046.5
382,Enter,1731770702246.5
383,6,1731770703310.5
383,5,1731770703526.5
383,4,1731770703751.5
383,2,1731770704318.5
383,1,1731770704518.5
383,Enter,1731770704726.5
384,8,1731770705814.5
384,1,1731770706086.5
384,9,1731770706302.5
384,1,1731770706750.5
384,9,1731770706974.5
384,Enter,1731770707262.5
385,1,1731770708166.5
385,6,1731770708422.5
385,2,1731770708686.5
385,6,1731770709534.5
385,8,1731770709734.5
385,Enter,1731770709991.5
386,4,1731770710990.5
386,7,1731770711254.5
386,0,1731770711582.5
386,3,1731770712359.5
386,9,1731770712582.5
386,Enter,1731770712862.5
387,3,1731770713846.5
387,8,1731770714110.5
387,1,1731770714366.5
387,0,1731770714958.5
387,6,1731770715246.5
387,Enter,1731770715462.5
388,3,1731770716406.5
388,1,1731770716646.5
388,0,1731770716878.5
388,8,1731770717358.5
388,2,1731770717630.5
388,Enter,1731770717838.5
389,8,1731770719254.5
389,2,1731770719518.5
389,8,1731770719790.5
389,7,1731770720286.5
389,5,1731770720502.5
389,Enter,1731770720734.5
390,6,1731770721814.5
390,5,1731770722438.5
390,9,1731770722686.5
390,5,1731770723302.5
390,8,1731770723550.5
390,Enter,1731770723782.5
391,2,1731770724749.5
391,6,1731770724998.5
391,5,1731770725213.5
391,7,1731770725853.5
391,1,1731770726149.5
391,Enter,1731770726349.5
392,4,1731770727366.5
392,0,1731770727621.5
392,9,1731770727997.5
392,0,1731770728613.5
392,2,1731770728821.5
392,Enter,1731770729045.5
393,0,1731770730037.5
393,2,1731770730261.5
393,4,1731770730525.5
393,1,1731770731189.5
393,2,1731770731381.5
393,Enter,1731770731653.5
394,7,1731770732886.5
394,8,1731770733413.5
394,5,1731770733717.5
394,3,1731770734461.5
394,7,1731770734797.5
394,Enter,1731770735037.5
395,0,1731770736901.5
395,2,1731770737397.5
395,5,1731770737629.5
395,9,1731770738109.5
395,7,1731770738485.5
395,Enter,1731770738725.5
396,2,1731770739733.5
396,4,1731770739965.5
396,3,1731770740253.5
396,8,1731770740877.5
396,7,1731770741069.5
396,Enter,1731770741405.5
397,3,1731770742797.5
397,5,1731770743045.5
397,1,1731770743269.5
397,5,1731770743949.5
397,3,1731770744197.5
397,Enter,1731770744517.5
398,0,1731770745877.5
398,3,1731770746149.5
398,4,1731770746437.5
398,9,1731770747269.5
398,7,1731770747533.5
398,Enter,1731770748125.5
399,8,1731770751293.5
399,6,1731770751541.5
399,0,1731770751765.5
399,4,1731770752445.5
399,9,1731770752629.5
399,Enter,1731770752869.5
